{"Version":1,"ManifestType":"Publish","Endpoints":[{"Route":"activities/139_a627d404-e46f-4a1a-bc26-0a2eccaab387.jpg","AssetFile":"activities/139_a627d404-e46f-4a1a-bc26-0a2eccaab387.jpg","Selectors":[],"ResponseHeaders":[{"Name":"Accept-Ranges","Value":"bytes"},{"Name":"Cache-Control","Value":"no-cache"},{"Name":"Content-Length","Value":"1579807"},{"Name":"Content-Type","Value":"image/jpeg"},{"Name":"ETag","Value":"\"IxvI29oKxixYwItI9q3wleX2TuOEVxcZ5Z+3Y+CetGg=\""},{"Name":"Last-Modified","Value":"Sun, 16 Nov 2025 09:34:45 GMT"}],"EndpointProperties":[{"Name":"integrity","Value":"sha256-IxvI29oKxixYwItI9q3wleX2TuOEVxcZ5Z+3Y+CetGg="}]},{"Route":"activities/139_a627d404-e46f-4a1a-bc26-0a2eccaab387.vltxvehqqp.jpg","AssetFile":"activities/139_a627d404-e46f-4a1a-bc26-0a2eccaab387.jpg","Selectors":[],"ResponseHeaders":[{"Name":"Accept-Ranges","Value":"bytes"},{"Name":"Cache-Control","Value":"max-age=31536000, immutable"},{"Name":"Content-Length","Value":"1579807"},{"Name":"Content-Type","Value":"image/jpeg"},{"Name":"ETag","Value":"\"IxvI29oKxixYwItI9q3wleX2TuOEVxcZ5Z+3Y+CetGg=\""},{"Name":"Last-Modified","Value":"Sun, 16 Nov 2025 09:34:45 GMT"}],"EndpointProperties":[{"Name":"fingerprint","Value":"vltxvehqqp"},{"Name":"integrity","Value":"sha256-IxvI29oKxixYwItI9q3wleX2TuOEVxcZ5Z+3Y+CetGg="},{"Name":"label","Value":"activities/139_a627d404-e46f-4a1a-bc26-0a2eccaab387.jpg"}]},{"Route":"activities/140_240073ff-736c-44c8-a0bb-1d47829ec7e2.ic03b8mz8x.jpg","AssetFile":"activities/140_240073ff-736c-44c8-a0bb-1d47829ec7e2.jpg","Selectors":[],"ResponseHeaders":[{"Name":"Accept-Ranges","Value":"bytes"},{"Name":"Cache-Control","Value":"max-age=31536000, immutable"},{"Name":"Content-Length","Value":"9005995"},{"Name":"Content-Type","Value":"image/jpeg"},{"Name":"ETag","Value":"\"gk+bb/+fTSkKOy9EQUoU1SyE6PdNrZ6kKhPChhGneCA=\""},{"Name":"Last-Modified","Value":"Sun, 16 Nov 2025 09:34:46 GMT"}],"EndpointProperties":[{"Name":"fingerprint","Value":"ic03b8mz8x"},{"Name":"integrity","Value":"sha256-gk+bb/+fTSkKOy9EQUoU1SyE6PdNrZ6kKhPChhGneCA="},{"Name":"label","Value":"activities/140_240073ff-736c-44c8-a0bb-1d47829ec7e2.jpg"}]},{"Route":"activities/140_240073ff-736c-44c8-a0bb-1d47829ec7e2.jpg","AssetFile":"activities/140_240073ff-736c-44c8-a0bb-1d47829ec7e2.jpg","Selectors":[],"ResponseHeaders":[{"Name":"Accept-Ranges","Value":"bytes"},{"Name":"Cache-Control","Value":"no-cache"},{"Name":"Content-Length","Value":"9005995"},{"Name":"Content-Type","Value":"image/jpeg"},{"Name":"ETag","Value":"\"gk+bb/+fTSkKOy9EQUoU1SyE6PdNrZ6kKhPChhGneCA=\""},{"Name":"Last-Modified","Value":"Sun, 16 Nov 2025 09:34:46 GMT"}],"EndpointProperties":[{"Name":"integrity","Value":"sha256-gk+bb/+fTSkKOy9EQUoU1SyE6PdNrZ6kKhPChhGneCA="}]},{"Route":"activities/141_9618ce90-663d-4e36-8951-2b015a907e0a.0jnie7h861.jpg","AssetFile":"activities/141_9618ce90-663d-4e36-8951-2b015a907e0a.jpg","Selectors":[],"ResponseHeaders":[{"Name":"Accept-Ranges","Value":"bytes"},{"Name":"Cache-Control","Value":"max-age=31536000, immutable"},{"Name":"Content-Length","Value":"20443878"},{"Name":"Content-Type","Value":"image/jpeg"},{"Name":"ETag","Value":"\"nKHqGqlZ5vo+QQHUvyDfhTHAuzwB3UV2EYtgoseDhSw=\""},{"Name":"Last-Modified","Value":"Sun, 16 Nov 2025 09:34:46 GMT"}],"EndpointProperties":[{"Name":"fingerprint","Value":"0jnie7h861"},{"Name":"integrity","Value":"sha256-nKHqGqlZ5vo+QQHUvyDfhTHAuzwB3UV2EYtgoseDhSw="},{"Name":"label","Value":"activities/141_9618ce90-663d-4e36-8951-2b015a907e0a.jpg"}]},{"Route":"activities/141_9618ce90-663d-4e36-8951-2b015a907e0a.jpg","AssetFile":"activities/141_9618ce90-663d-4e36-8951-2b015a907e0a.jpg","Selectors":[],"ResponseHeaders":[{"Name":"Accept-Ranges","Value":"bytes"},{"Name":"Cache-Control","Value":"no-cache"},{"Name":"Content-Length","Value":"20443878"},{"Name":"Content-Type","Value":"image/jpeg"},{"Name":"ETag","Value":"\"nKHqGqlZ5vo+QQHUvyDfhTHAuzwB3UV2EYtgoseDhSw=\""},{"Name":"Last-Modified","Value":"Sun, 16 Nov 2025 09:34:46 GMT"}],"EndpointProperties":[{"Name":"integrity","Value":"sha256-nKHqGqlZ5vo+QQHUvyDfhTHAuzwB3UV2EYtgoseDhSw="}]},{"Route":"activities/142_10c2d0b5-97bf-41e1-b795-f68e747b5881.jpg","AssetFile":"activities/142_10c2d0b5-97bf-41e1-b795-f68e747b5881.jpg","Selectors":[],"ResponseHeaders":[{"Name":"Accept-Ranges","Value":"bytes"},{"Name":"Cache-Control","Value":"no-cache"},{"Name":"Content-Length","Value":"1579807"},{"Name":"Content-Type","Value":"image/jpeg"},{"Name":"ETag","Value":"\"IxvI29oKxixYwItI9q3wleX2TuOEVxcZ5Z+3Y+CetGg=\""},{"Name":"Last-Modified","Value":"Sun, 16 Nov 2025 09:34:46 GMT"}],"EndpointProperties":[{"Name":"integrity","Value":"sha256-IxvI29oKxixYwItI9q3wleX2TuOEVxcZ5Z+3Y+CetGg="}]},{"Route":"activities/142_10c2d0b5-97bf-41e1-b795-f68e747b5881.vltxvehqqp.jpg","AssetFile":"activities/142_10c2d0b5-97bf-41e1-b795-f68e747b5881.jpg","Selectors":[],"ResponseHeaders":[{"Name":"Accept-Ranges","Value":"bytes"},{"Name":"Cache-Control","Value":"max-age=31536000, immutable"},{"Name":"Content-Length","Value":"1579807"},{"Name":"Content-Type","Value":"image/jpeg"},{"Name":"ETag","Value":"\"IxvI29oKxixYwItI9q3wleX2TuOEVxcZ5Z+3Y+CetGg=\""},{"Name":"Last-Modified","Value":"Sun, 16 Nov 2025 09:34:46 GMT"}],"EndpointProperties":[{"Name":"fingerprint","Value":"vltxvehqqp"},{"Name":"integrity","Value":"sha256-IxvI29oKxixYwItI9q3wleX2TuOEVxcZ5Z+3Y+CetGg="},{"Name":"label","Value":"activities/142_10c2d0b5-97bf-41e1-b795-f68e747b5881.jpg"}]},{"Route":"activities/152_53c9a50b-19cf-4a47-84a1-1be71a04ce9d.jpg","AssetFile":"activities/152_53c9a50b-19cf-4a47-84a1-1be71a04ce9d.jpg","Selectors":[],"ResponseHeaders":[{"Name":"Accept-Ranges","Value":"bytes"},{"Name":"Cache-Control","Value":"no-cache"},{"Name":"Content-Length","Value":"7746716"},{"Name":"Content-Type","Value":"image/jpeg"},{"Name":"ETag","Value":"\"xAy3GNwHPx1+9+9ETCdD1zzcEwf+grMTVx2uwiZDCJs=\""},{"Name":"Last-Modified","Value":"Sun, 16 Nov 2025 09:34:46 GMT"}],"EndpointProperties":[{"Name":"integrity","Value":"sha256-xAy3GNwHPx1+9+9ETCdD1zzcEwf+grMTVx2uwiZDCJs="}]},{"Route":"activities/152_53c9a50b-19cf-4a47-84a1-1be71a04ce9d.kgnwmqdu0i.jpg","AssetFile":"activities/152_53c9a50b-19cf-4a47-84a1-1be71a04ce9d.jpg","Selectors":[],"ResponseHeaders":[{"Name":"Accept-Ranges","Value":"bytes"},{"Name":"Cache-Control","Value":"max-age=31536000, immutable"},{"Name":"Content-Length","Value":"7746716"},{"Name":"Content-Type","Value":"image/jpeg"},{"Name":"ETag","Value":"\"xAy3GNwHPx1+9+9ETCdD1zzcEwf+grMTVx2uwiZDCJs=\""},{"Name":"Last-Modified","Value":"Sun, 16 Nov 2025 09:34:46 GMT"}],"EndpointProperties":[{"Name":"fingerprint","Value":"kgnwmqdu0i"},{"Name":"integrity","Value":"sha256-xAy3GNwHPx1+9+9ETCdD1zzcEwf+grMTVx2uwiZDCJs="},{"Name":"label","Value":"activities/152_53c9a50b-19cf-4a47-84a1-1be71a04ce9d.jpg"}]},{"Route":"activities/160_ddc61187-c4f4-4046-93ce-80e36debb998.jpg","AssetFile":"activities/160_ddc61187-c4f4-4046-93ce-80e36debb998.jpg","Selectors":[],"ResponseHeaders":[{"Name":"Accept-Ranges","Value":"bytes"},{"Name":"Cache-Control","Value":"no-cache"},{"Name":"Content-Length","Value":"17877947"},{"Name":"Content-Type","Value":"image/jpeg"},{"Name":"ETag","Value":"\"zSaN8JDafcD9uH7oNKbnowL0mfb+r5CV+r97gyHC1t4=\""},{"Name":"Last-Modified","Value":"Sun, 16 Nov 2025 10:06:47 GMT"}],"EndpointProperties":[{"Name":"integrity","Value":"sha256-zSaN8JDafcD9uH7oNKbnowL0mfb+r5CV+r97gyHC1t4="}]},{"Route":"activities/160_ddc61187-c4f4-4046-93ce-80e36debb998.nbpoft8brf.jpg","AssetFile":"activities/160_ddc61187-c4f4-4046-93ce-80e36debb998.jpg","Selectors":[],"ResponseHeaders":[{"Name":"Accept-Ranges","Value":"bytes"},{"Name":"Cache-Control","Value":"max-age=31536000, immutable"},{"Name":"Content-Length","Value":"17877947"},{"Name":"Content-Type","Value":"image/jpeg"},{"Name":"ETag","Value":"\"zSaN8JDafcD9uH7oNKbnowL0mfb+r5CV+r97gyHC1t4=\""},{"Name":"Last-Modified","Value":"Sun, 16 Nov 2025 10:06:47 GMT"}],"EndpointProperties":[{"Name":"fingerprint","Value":"nbpoft8brf"},{"Name":"integrity","Value":"sha256-zSaN8JDafcD9uH7oNKbnowL0mfb+r5CV+r97gyHC1t4="},{"Name":"label","Value":"activities/160_ddc61187-c4f4-4046-93ce-80e36debb998.jpg"}]},{"Route":"activities/161_9d6b0f02-f884-473e-a5b9-af0e59a1db7a.jpg","AssetFile":"activities/161_9d6b0f02-f884-473e-a5b9-af0e59a1db7a.jpg","Selectors":[],"ResponseHeaders":[{"Name":"Accept-Ranges","Value":"bytes"},{"Name":"Cache-Control","Value":"no-cache"},{"Name":"Content-Length","Value":"17877947"},{"Name":"Content-Type","Value":"image/jpeg"},{"Name":"ETag","Value":"\"zSaN8JDafcD9uH7oNKbnowL0mfb+r5CV+r97gyHC1t4=\""},{"Name":"Last-Modified","Value":"Sun, 16 Nov 2025 10:12:34 GMT"}],"EndpointProperties":[{"Name":"integrity","Value":"sha256-zSaN8JDafcD9uH7oNKbnowL0mfb+r5CV+r97gyHC1t4="}]},{"Route":"activities/161_9d6b0f02-f884-473e-a5b9-af0e59a1db7a.nbpoft8brf.jpg","AssetFile":"activities/161_9d6b0f02-f884-473e-a5b9-af0e59a1db7a.jpg","Selectors":[],"ResponseHeaders":[{"Name":"Accept-Ranges","Value":"bytes"},{"Name":"Cache-Control","Value":"max-age=31536000, immutable"},{"Name":"Content-Length","Value":"17877947"},{"Name":"Content-Type","Value":"image/jpeg"},{"Name":"ETag","Value":"\"zSaN8JDafcD9uH7oNKbnowL0mfb+r5CV+r97gyHC1t4=\""},{"Name":"Last-Modified","Value":"Sun, 16 Nov 2025 10:12:34 GMT"}],"EndpointProperties":[{"Name":"fingerprint","Value":"nbpoft8brf"},{"Name":"integrity","Value":"sha256-zSaN8JDafcD9uH7oNKbnowL0mfb+r5CV+r97gyHC1t4="},{"Name":"label","Value":"activities/161_9d6b0f02-f884-473e-a5b9-af0e59a1db7a.jpg"}]},{"Route":"activities/162_7dbd8c4c-7ccd-45d3-8603-59e2888c0f31.jpg","AssetFile":"activities/162_7dbd8c4c-7ccd-45d3-8603-59e2888c0f31.jpg","Selectors":[],"ResponseHeaders":[{"Name":"Accept-Ranges","Value":"bytes"},{"Name":"Cache-Control","Value":"no-cache"},{"Name":"Content-Length","Value":"17877947"},{"Name":"Content-Type","Value":"image/jpeg"},{"Name":"ETag","Value":"\"zSaN8JDafcD9uH7oNKbnowL0mfb+r5CV+r97gyHC1t4=\""},{"Name":"Last-Modified","Value":"Sun, 16 Nov 2025 10:20:42 GMT"}],"EndpointProperties":[{"Name":"integrity","Value":"sha256-zSaN8JDafcD9uH7oNKbnowL0mfb+r5CV+r97gyHC1t4="}]},{"Route":"activities/162_7dbd8c4c-7ccd-45d3-8603-59e2888c0f31.nbpoft8brf.jpg","AssetFile":"activities/162_7dbd8c4c-7ccd-45d3-8603-59e2888c0f31.jpg","Selectors":[],"ResponseHeaders":[{"Name":"Accept-Ranges","Value":"bytes"},{"Name":"Cache-Control","Value":"max-age=31536000, immutable"},{"Name":"Content-Length","Value":"17877947"},{"Name":"Content-Type","Value":"image/jpeg"},{"Name":"ETag","Value":"\"zSaN8JDafcD9uH7oNKbnowL0mfb+r5CV+r97gyHC1t4=\""},{"Name":"Last-Modified","Value":"Sun, 16 Nov 2025 10:20:42 GMT"}],"EndpointProperties":[{"Name":"fingerprint","Value":"nbpoft8brf"},{"Name":"integrity","Value":"sha256-zSaN8JDafcD9uH7oNKbnowL0mfb+r5CV+r97gyHC1t4="},{"Name":"label","Value":"activities/162_7dbd8c4c-7ccd-45d3-8603-59e2888c0f31.jpg"}]},{"Route":"activities/2_97ddd246-e07f-40c8-bd9c-fb228a34d29f.d4op4nt967.jpg","AssetFile":"activities/2_97ddd246-e07f-40c8-bd9c-fb228a34d29f.jpg","Selectors":[],"ResponseHeaders":[{"Name":"Accept-Ranges","Value":"bytes"},{"Name":"Cache-Control","Value":"max-age=31536000, immutable"},{"Name":"Content-Length","Value":"1277268"},{"Name":"Content-Type","Value":"image/jpeg"},{"Name":"ETag","Value":"\"XZa0s/wkstpf1LHzEnBhD6iSjGaVsXLRroNFipM3JgE=\""},{"Name":"Last-Modified","Value":"Sun, 16 Nov 2025 09:34:46 GMT"}],"EndpointProperties":[{"Name":"fingerprint","Value":"d4op4nt967"},{"Name":"integrity","Value":"sha256-XZa0s/wkstpf1LHzEnBhD6iSjGaVsXLRroNFipM3JgE="},{"Name":"label","Value":"activities/2_97ddd246-e07f-40c8-bd9c-fb228a34d29f.jpg"}]},{"Route":"activities/2_97ddd246-e07f-40c8-bd9c-fb228a34d29f.jpg","AssetFile":"activities/2_97ddd246-e07f-40c8-bd9c-fb228a34d29f.jpg","Selectors":[],"ResponseHeaders":[{"Name":"Accept-Ranges","Value":"bytes"},{"Name":"Cache-Control","Value":"no-cache"},{"Name":"Content-Length","Value":"1277268"},{"Name":"Content-Type","Value":"image/jpeg"},{"Name":"ETag","Value":"\"XZa0s/wkstpf1LHzEnBhD6iSjGaVsXLRroNFipM3JgE=\""},{"Name":"Last-Modified","Value":"Sun, 16 Nov 2025 09:34:46 GMT"}],"EndpointProperties":[{"Name":"integrity","Value":"sha256-XZa0s/wkstpf1LHzEnBhD6iSjGaVsXLRroNFipM3JgE="}]},{"Route":"avatars/1_cce0c169-2366-4cb2-b5d4-2ff94c1282f4.aszi78tjti.jpg","AssetFile":"avatars/1_cce0c169-2366-4cb2-b5d4-2ff94c1282f4.jpg","Selectors":[],"ResponseHeaders":[{"Name":"Accept-Ranges","Value":"bytes"},{"Name":"Cache-Control","Value":"max-age=31536000, immutable"},{"Name":"Content-Length","Value":"175790"},{"Name":"Content-Type","Value":"image/jpeg"},{"Name":"ETag","Value":"\"qpxu+wg0KMJkMMdYOz0uIFGb8/BOh6Jkq4HGGVzKu/U=\""},{"Name":"Last-Modified","Value":"Sun, 16 Nov 2025 09:34:46 GMT"}],"EndpointProperties":[{"Name":"fingerprint","Value":"aszi78tjti"},{"Name":"integrity","Value":"sha256-qpxu+wg0KMJkMMdYOz0uIFGb8/BOh6Jkq4HGGVzKu/U="},{"Name":"label","Value":"avatars/1_cce0c169-2366-4cb2-b5d4-2ff94c1282f4.jpg"}]},{"Route":"avatars/1_cce0c169-2366-4cb2-b5d4-2ff94c1282f4.jpg","AssetFile":"avatars/1_cce0c169-2366-4cb2-b5d4-2ff94c1282f4.jpg","Selectors":[],"ResponseHeaders":[{"Name":"Accept-Ranges","Value":"bytes"},{"Name":"Cache-Control","Value":"no-cache"},{"Name":"Content-Length","Value":"175790"},{"Name":"Content-Type","Value":"image/jpeg"},{"Name":"ETag","Value":"\"qpxu+wg0KMJkMMdYOz0uIFGb8/BOh6Jkq4HGGVzKu/U=\""},{"Name":"Last-Modified","Value":"Sun, 16 Nov 2025 09:34:46 GMT"}],"EndpointProperties":[{"Name":"integrity","Value":"sha256-qpxu+wg0KMJkMMdYOz0uIFGb8/BOh6Jkq4HGGVzKu/U="}]},{"Route":"avatars/3_5833b25a-5e1a-4e35-a1fe-da650b37fd2e.51vzonlp9z.jpg","AssetFile":"avatars/3_5833b25a-5e1a-4e35-a1fe-da650b37fd2e.jpg","Selectors":[],"ResponseHeaders":[{"Name":"Accept-Ranges","Value":"bytes"},{"Name":"Cache-Control","Value":"max-age=31536000, immutable"},{"Name":"Content-Length","Value":"324221"},{"Name":"Content-Type","Value":"image/jpeg"},{"Name":"ETag","Value":"\"2et6KHlfzCZ8eKDNM3O+Oc3kPOaadOW1Uj/1d/kzkQc=\""},{"Name":"Last-Modified","Value":"Sun, 16 Nov 2025 10:37:11 GMT"}],"EndpointProperties":[{"Name":"fingerprint","Value":"51vzonlp9z"},{"Name":"integrity","Value":"sha256-2et6KHlfzCZ8eKDNM3O+Oc3kPOaadOW1Uj/1d/kzkQc="},{"Name":"label","Value":"avatars/3_5833b25a-5e1a-4e35-a1fe-da650b37fd2e.jpg"}]},{"Route":"avatars/3_5833b25a-5e1a-4e35-a1fe-da650b37fd2e.jpg","AssetFile":"avatars/3_5833b25a-5e1a-4e35-a1fe-da650b37fd2e.jpg","Selectors":[],"ResponseHeaders":[{"Name":"Accept-Ranges","Value":"bytes"},{"Name":"Cache-Control","Value":"no-cache"},{"Name":"Content-Length","Value":"324221"},{"Name":"Content-Type","Value":"image/jpeg"},{"Name":"ETag","Value":"\"2et6KHlfzCZ8eKDNM3O+Oc3kPOaadOW1Uj/1d/kzkQc=\""},{"Name":"Last-Modified","Value":"Sun, 16 Nov 2025 10:37:11 GMT"}],"EndpointProperties":[{"Name":"integrity","Value":"sha256-2et6KHlfzCZ8eKDNM3O+Oc3kPOaadOW1Uj/1d/kzkQc="}]},{"Route":"css/admin-activity.6hggscv7h3.css","AssetFile":"css/admin-activity.css","Selectors":[],"ResponseHeaders":[{"Name":"Accept-Ranges","Value":"bytes"},{"Name":"Cache-Control","Value":"max-age=31536000, immutable"},{"Name":"Content-Length","Value":"5882"},{"Name":"Content-Type","Value":"text/css"},{"Name":"ETag","Value":"\"arPcFXphMOdrW2yVmtkmIMa5yQIZa6Gp6JZIJ988xgk=\""},{"Name":"Last-Modified","Value":"Sun, 16 Nov 2025 09:34:46 GMT"}],"EndpointProperties":[{"Name":"fingerprint","Value":"6hggscv7h3"},{"Name":"integrity","Value":"sha256-arPcFXphMOdrW2yVmtkmIMa5yQIZa6Gp6JZIJ988xgk="},{"Name":"label","Value":"css/admin-activity.css"}]},{"Route":"css/admin-activity.css","AssetFile":"css/admin-activity.css","Selectors":[],"ResponseHeaders":[{"Name":"Accept-Ranges","Value":"bytes"},{"Name":"Cache-Control","Value":"no-cache"},{"Name":"Content-Length","Value":"5882"},{"Name":"Content-Type","Value":"text/css"},{"Name":"ETag","Value":"\"arPcFXphMOdrW2yVmtkmIMa5yQIZa6Gp6JZIJ988xgk=\""},{"Name":"Last-Modified","Value":"Sun, 16 Nov 2025 09:34:46 GMT"}],"EndpointProperties":[{"Name":"integrity","Value":"sha256-arPcFXphMOdrW2yVmtkmIMa5yQIZa6Gp6JZIJ988xgk="}]},{"Route":"css/admin.css","AssetFile":"css/admin.css","Selectors":[],"ResponseHeaders":[{"Name":"Accept-Ranges","Value":"bytes"},{"Name":"Cache-Control","Value":"no-cache"},{"Name":"Content-Length","Value":"7513"},{"Name":"Content-Type","Value":"text/css"},{"Name":"ETag","Value":"\"HAXjfIBV3q7pCC4zgrd0aIIIMFl3G1WBKsojDRgVPP4=\""},{"Name":"Last-Modified","Value":"Sun, 16 Nov 2025 09:34:46 GMT"}],"EndpointProperties":[{"Name":"integrity","Value":"sha256-HAXjfIBV3q7pCC4zgrd0aIIIMFl3G1WBKsojDRgVPP4="}]},{"Route":"css/admin.kk4fihkr2k.css","AssetFile":"css/admin.css","Selectors":[],"ResponseHeaders":[{"Name":"Accept-Ranges","Value":"bytes"},{"Name":"Cache-Control","Value":"max-age=31536000, immutable"},{"Name":"Content-Length","Value":"7513"},{"Name":"Content-Type","Value":"text/css"},{"Name":"ETag","Value":"\"HAXjfIBV3q7pCC4zgrd0aIIIMFl3G1WBKsojDRgVPP4=\""},{"Name":"Last-Modified","Value":"Sun, 16 Nov 2025 09:34:46 GMT"}],"EndpointProperties":[{"Name":"fingerprint","Value":"kk4fihkr2k"},{"Name":"integrity","Value":"sha256-HAXjfIBV3q7pCC4zgrd0aIIIMFl3G1WBKsojDRgVPP4="},{"Name":"label","Value":"css/admin.css"}]}]}